text,count_vector,probability
This document is a sample document.,"[0, 0, 0, 0, 0, 0, 0, 1, 0, 0, 1, 1, 0, 0, 0, 0, 0, 0, 0, 0, 0, 0, 1, 1, 0, 1, 0]","[0.0, 0.0, 0.0, 0.0, 0.0, 0.0, 0.0, 0.16666666666666666, 0.0, 0.0, 0.16666666666666666, 0.16666666666666666, 0.0, 0.0, 0.0, 0.0, 0.0, 0.0, 0.0, 0.0, 0.0, 0.0, 0.16666666666666666, 0.16666666666666666, 0.0, 0.16666666666666666, 0.0]"
"In this document, we have repeated words.","[1, 0, 1, 0, 0, 1, 0, 0, 0, 1, 0, 0, 0, 1, 1, 1, 0, 0, 0, 0, 0, 0, 0, 0, 0, 0, 0]","[0.14285714285714285, 0.0, 0.14285714285714285, 0.0, 0.0, 0.14285714285714285, 0.0, 0.0, 0.0, 0.14285714285714285, 0.0, 0.0, 0.0, 0.14285714285714285, 0.14285714285714285, 0.14285714285714285, 0.0, 0.0, 0.0, 0.0, 0.0, 0.0, 0.0, 0.0, 0.0, 0.0, 0.0]"
Repeated words can help us understand word frequencies.,"[0, 0, 0, 0, 1, 0, 0, 0, 1, 0, 0, 0, 1, 0, 0, 0, 1, 1, 0, 0, 1, 0, 0, 0, 1, 0, 1]","[0.0, 0.0, 0.0, 0.0, 0.125, 0.0, 0.0, 0.0, 0.125, 0.0, 0.0, 0.0, 0.125, 0.0, 0.0, 0.0, 0.125, 0.125, 0.0, 0.0, 0.125, 0.0, 0.0, 0.0, 0.125, 0.0, 0.125]"
Can you identify the repeated words in this document?,"[0, 1, 0, 1, 0, 0, 1, 0, 0, 1, 0, 0, 0, 0, 0, 1, 0, 0, 1, 1, 1, 1, 0, 0, 0, 0, 0]","[0.0, 0.1111111111111111, 0.0, 0.1111111111111111, 0.0, 0.0, 0.1111111111111111, 0.0, 0.0, 0.1111111111111111, 0.0, 0.0, 0.0, 0.0, 0.0, 0.1111111111111111, 0.0, 0.0, 0.1111111111111111, 0.1111111111111111, 0.1111111111111111, 0.1111111111111111, 0.0, 0.0, 0.0, 0.0, 0.0]"
